{
  "train_loss": [
    3.466713389834842,
    3.3827034524969153,
    3.376840282130886,
    3.3730727788564323,
    3.3699262915430843,
    3.370975868121998,
    3.3698512799031026,
    3.368488292436342,
    3.3672565898379765,
    3.3670118563884013,
    3.3698372647568986
  ],
  "train_acc": [
    3.0172413793103448,
    3.6206896551724137,
    3.189655172413793,
    3.103448275862069,
    3.189655172413793,
    3.189655172413793,
    2.586206896551724,
    3.5344827586206895,
    3.0172413793103448,
    4.051724137931035,
    3.0172413793103448
  ],
  "val_loss": [
    3.363109493255615,
    3.3743491888046266,
    3.3605632543563844,
    3.3665609121322633,
    3.3657862901687623,
    3.3655717372894287,
    3.3668813705444336,
    3.366867423057556,
    3.3663437366485596,
    3.3663689136505126,
    3.3685879707336426
  ],
  "val_acc": [
    3.4482758620689653,
    3.4482758620689653,
    3.4482758620689653,
    3.4482758620689653,
    3.4482758620689653,
    3.4482758620689653,
    3.4482758620689653,
    3.4482758620689653,
    3.4482758620689653,
    3.4482758620689653,
    3.4482758620689653
  ],
  "lr": [
    0.0009755527298894294,
    0.0009046039886902864,
    0.0007940987335200904,
    0.0006548539886902864,
    0.0005005000000000001,
    0.0003461460113097139,
    0.00020690126647990973,
    9.639601130971382e-05,
    2.5447270110570814e-05,
    0.001,
    0.0009938503261272714
  ]
}