{
  "train_loss": [
    3.466444170152819,
    3.3847626286583976,
    3.376569213093938,
    3.3730676947413265,
    3.370314314558699,
    3.371047645001798,
    3.369402801668322,
    3.367877676680281,
    3.366691995311428,
    3.368522379849408
  ],
  "train_acc": [
    2.6724137931034484,
    3.6206896551724137,
    3.5344827586206895,
    3.189655172413793,
    3.2758620689655173,
    2.9310344827586206,
    2.7586206896551726,
    3.6206896551724137,
    3.2758620689655173,
    3.793103448275862
  ],
  "val_loss": [
    3.351785922050476,
    3.400464153289795,
    3.366919207572937,
    3.366393208503723,
    3.3630172967910767,
    3.364486885070801,
    3.3675608396530152,
    3.3673189640045167,
    3.3667808532714845,
    3.3668614625930786
  ],
  "val_acc": [
    3.4482758620689653,
    3.4482758620689653,
    3.4482758620689653,
    3.4482758620689653,
    3.4482758620689653,
    3.4482758620689653,
    3.4482758620689653,
    3.4482758620689653,
    3.4482758620689653,
    3.4482758620689653
  ],
  "lr": [
    0.0009755527298894294,
    0.0009046039886902864,
    0.0007940987335200904,
    0.0006548539886902864,
    0.0005005000000000001,
    0.0003461460113097139,
    0.00020690126647990973,
    9.639601130971382e-05,
    2.5447270110570814e-05,
    0.001
  ]
}