{
  "train_loss": [
    2.3624162428958675,
    1.6231388504941362,
    1.4388633213545148,
    1.3408762162789367,
    1.2737025750012028,
    1.2177840608701969,
    1.1598055186427028,
    1.112401360706578,
    1.08371491151346,
    1.0660134235719092,
    1.227300066547585,
    1.2064502134657742,
    1.1919615349375217,
    1.1749463934348638,
    1.1515090628375386,
    1.1348634103784585,
    1.1088884076976537,
    1.0800818215336716,
    1.0634517756321078,
    1.0473894539632296,
    1.0293677302829005,
    1.0072537760686755,
    0.9948031141943202,
    0.9762653940004813,
    0.9588742323387834,
    0.9490501611752618,
    0.9382065770620093,
    0.9326131070466867,
    0.9302791074702614,
    0.9231794138898826,
    1.0613459793846112,
    1.0664669898219574,
    1.0641810663959437,
    1.0601867984112043,
    1.0472442306073986,
    1.045526343031336,
    1.0362994678337174,
    1.0256051616859914,
    1.0229705442163282,
    1.0095148099992508
  ],
  "train_acc": [
    37.328780564386356,
    65.31653518583931,
    72.43219906589741,
    75.83500137368029,
    78.1545586561482,
    80.64288237371953,
    83.04878527414733,
    85.06220809293929,
    86.2160995329487,
    86.79697005376977,
    80.55653675575965,
    81.34149691903136,
    81.79677381372895,
    82.46006515169356,
    83.59040778680482,
    84.04960948231877,
    84.86989285293771,
    86.02378429294713,
    86.32206915499039,
    87.23262294438557,
    87.7977942619412,
    88.78684406766357,
    88.93206169786883,
    89.71702186114055,
    90.27826837787983,
    90.66682365869931,
    90.95725891910986,
    91.22022057380588,
    91.18489736645866,
    91.4557086227874,
    86.40056517131755,
    86.34954276070489,
    86.42411397621571,
    86.61250441540092,
    86.83621806193335,
    87.02853330193493,
    87.25224694846736,
    87.54660700969426,
    87.84096707092115,
    88.12747753051532
  ],
  "val_loss": [
    1.6218913405440574,
    1.3405262661534687,
    1.2739354025485903,
    1.221032252145368,
    1.170119866382244,
    1.146627787240716,
    1.1000927555006603,
    1.0587866659774336,
    1.034080249625583,
    1.026168544625127,
    1.1447677418243054,
    1.1639952680399253,
    1.1832869156848553,
    1.1038589033969612,
    1.1355895115885624,
    1.1111461360787236,
    1.0511118533999422,
    1.0516850754272107,
    1.011566664590392,
    1.0212006132270015,
    0.9828372382840445,
    0.9858160656551982,
    0.966110147015993,
    0.9463184524414151,
    0.9449399016624274,
    0.9385639678600223,
    0.9404648036457771,
    0.931616022143253,
    0.9279992712098498,
    0.9244608989981717,
    1.0912607984487401,
    1.037555796462436,
    1.027939275946728,
    1.0363089158091434,
    1.0673967967199725,
    1.0249998902165613,
    1.0451228376044783,
    1.023838881836381,
    1.023928435042847,
    1.0111134322576745
  ],
  "val_acc": [
    64.84160410181285,
    76.19483611060245,
    77.9344442409815,
    79.94872733931514,
    81.61508881157297,
    82.6405420252701,
    85.60703167917964,
    87.25508148690716,
    88.17066471342245,
    88.3354696941952,
    84.10547518769457,
    82.40249038637612,
    84.16041018128549,
    85.88170664713422,
    84.58157846548251,
    86.1014466214979,
    88.3354696941952,
    87.56637978392236,
    88.73832631386193,
    88.84819630104377,
    89.63559787584691,
    89.81871452114997,
    90.18494781175609,
    90.88079106390771,
    90.89910272843801,
    91.32027101263505,
    91.10053103827138,
    91.44845266434719,
    91.55832265152902,
    91.59494598058964,
    86.39443325398278,
    88.44533968137704,
    88.79326130745285,
    88.50027467496795,
    86.94378318989196,
    88.3171580296649,
    88.53689800402857,
    89.59897454678631,
    88.09741805530123,
    89.34261124336201
  ],
  "lr": [
    0.0009755527298894294,
    0.0009046039886902864,
    0.0007940987335200904,
    0.0006548539886902864,
    0.0005005000000000001,
    0.0003461460113097139,
    0.00020690126647990973,
    9.639601130971382e-05,
    2.5447270110570814e-05,
    0.001,
    0.0009938503261272714,
    0.0009755527298894294,
    0.0009455577588320898,
    0.0009046039886902864,
    0.0008536998372026805,
    0.0007940987335200904,
    0.0007272682546199037,
    0.0006548539886902864,
    0.0005786390152875954,
    0.0005005000000000001,
    0.00042236098471240487,
    0.0003461460113097139,
    0.00027373174538009644,
    0.00020690126647990973,
    0.00014730016279731955,
    9.639601130971382e-05,
    5.544224116791029e-05,
    2.5447270110570814e-05,
    7.149673872728739e-06,
    0.001,
    0.0009984602081996976,
    0.0009938503261272714,
    0.0009861987752386395,
    0.0009755527298894294,
    0.0009619778264893878,
    0.0009455577588320898,
    0.0009263937620948692,
    0.0009046039886902864,
    0.0008803227798172156,
    0.0008536998372026805
  ]
}