{
  "train_loss": [
    3.161094895276156,
    2.2248342990875245,
    1.7904233954169533,
    1.5885473424738104,
    1.380959677696228,
    1.2404414426196706,
    1.1211277159777555,
    1.049579872868278,
    1.0031157179312273,
    0.9643276518041437
  ],
  "train_acc": [
    9.885057471264368,
    33.62068965517241,
    50.804597701149426,
    59.88505747126437,
    70.45977011494253,
    78.5632183908046,
    85.11494252873563,
    88.85057471264368,
    92.01149425287356,
    93.50574712643679
  ],
  "val_loss": [
    2.5996345622198924,
    1.6337682179042272,
    1.424654517854963,
    1.2347956044333321,
    1.095101569380079,
    1.0078813093049186,
    0.8830963202885219,
    0.8739260903426579,
    0.8174923402922494,
    0.8078056999615261
  ],
  "val_acc": [
    15.172413793103448,
    66.20689655172414,
    74.48275862068965,
    70.11494252873563,
    85.74712643678161,
    88.04597701149426,
    96.7816091954023,
    98.16091954022988,
    99.77011494252874,
    100.0
  ],
  "lr": [
    0.0009755527298894294,
    0.0009046039886902864,
    0.0007940987335200904,
    0.0006548539886902864,
    0.0005005000000000001,
    0.0003461460113097139,
    0.00020690126647990973,
    9.639601130971382e-05,
    2.5447270110570814e-05,
    0.001
  ]
}