{
  "train_loss": [
    3.46807218242336,
    3.3891464568473197,
    3.3759293491775924,
    3.373228607950984,
    3.3687185918962634
  ],
  "train_acc": [
    3.0172413793103448,
    3.103448275862069,
    2.8448275862068964,
    2.9310344827586206,
    3.2758620689655173
  ],
  "val_loss": [
    3.3638699054718018,
    3.3733914136886596,
    3.377518057823181,
    3.369885039329529,
    3.3693492889404295
  ],
  "val_acc": [
    3.4482758620689653,
    3.4482758620689653,
    3.4482758620689653,
    3.4482758620689653,
    3.4482758620689653
  ],
  "lr": [
    0.0009755527298894294,
    0.0009046039886902864,
    0.0007940987335200904,
    0.0006548539886902864,
    0.0005005000000000001
  ]
}